{
  "Vector_GlobalPressure_Default": [
    {
      "layer": {
        "MainId": 7,
        "LayerName": "Layer 1",
        "VectorNormalType": 0
      },
      "shape": [
        92,
        76,
        88,
        88
      ],
      "flags": "0x2081",
      "point_count": 13,
      "width": 10.0,
      "opacity": 1.0,
      "style_id": 2,
      "style_preview": {
        "style_flag": 115264,
        "pattern_style": 0,
        "texture_pattern": 0,
        "texture_flag": 0,
        "flow_base": 1.0,
        "hardness": 1.0,
        "interval_base": 0.1,
        "auto_interval_type": 0,
        "thickness_base": 1.0,
        "rotation_base": 0.0,
        "spray_flag": 0,
        "texture_composite": 0,
        "texture_density_base": 1.0,
        "texture_scale": 1.0,
        "texture_rotate": 0.0,
        "texture_offset_x": 0.0,
        "texture_offset_y": 0.0,
        "texture_brightness": 0.0,
        "texture_contrast": 0.0
      },
      "xy_bbox": [
        39.08569558309816,
        40.22299129901239,
        150.83140413298432,
        152.4492864172766
      ],
      "channels": {
        "36": {
          "min": 0.0,
          "max": 0.5799047946929932,
          "avg": 0.3939314318390993,
          "uniq": 13
        },
        "40": {
          "min": 0.5444444417953491,
          "max": 0.7555555701255798,
          "avg": 0.6196581216958853,
          "uniq": 9
        },
        "44": {
          "min": 0.0,
          "max": 0.8084219694137573,
          "avg": 0.35289429486371005,
          "uniq": 13
        },
        "48": {
          "min": 0.0,
          "max": 0.0,
          "avg": 0.0,
          "uniq": 1
        },
        "52": {
          "min": 1.0,
          "max": 1.0,
          "avg": 1.0,
          "uniq": 1
        },
        "56": {
          "min": 1.0,
          "max": 1.0,
          "avg": 1.0,
          "uniq": 1
        },
        "60": {
          "min": 1.0,
          "max": 1.0,
          "avg": 1.0,
          "uniq": 1
        },
        "64": {
          "min": 0.0,
          "max": 0.0,
          "avg": 0.0,
          "uniq": 1
        },
        "68": {
          "min": 0.0,
          "max": 0.0,
          "avg": 0.0,
          "uniq": 1
        },
        "72": {
          "min": 0.0,
          "max": 0.0,
          "avg": 0.0,
          "uniq": 1
        },
        "76": {
          "min": 0.0,
          "max": 1.9053385257720947,
          "avg": 1.1411668841655438,
          "uniq": 13
        }
      },
      "first_points": [
        {
          "xy": [
            40.890988538691175,
            43.14779548053916
          ],
          "channels": {
            "36": 0.004150897264480591,
            "40": 0.5666666626930237,
            "44": 0.0,
            "48": 0.0,
            "52": 1.0,
            "56": 1.0,
            "60": 1.0,
            "64": 0.0,
            "68": 0.0,
            "72": 0.0,
            "76": 0.0
          }
        },
        {
          "xy": [
            39.55971105188509,
            41.53411041486925
          ],
          "channels": {
            "36": 0.17403247952461243,
            "40": 0.5555555820465088,
            "44": 0.1162789985537529,
            "48": 0.0,
            "52": 1.0,
            "56": 1.0,
            "60": 1.0,
            "64": 0.0,
            "68": 0.0,
            "72": 0.0,
            "76": 1.9053385257720947
          }
        },
        {
          "xy": [
            39.08569558309816,
            40.22299129901239
          ],
          "channels": {
            "36": 0.4103894531726837,
            "40": 0.5555555820465088,
            "44": 0.04931921511888504,
            "48": 0.0,
            "52": 1.0,
            "56": 1.0,
            "60": 1.0,
            "64": 0.0,
            "68": 0.0,
            "72": 0.0,
            "76": 0.502906858921051
          }
        },
        {
          "xy": [
            39.70090714897062,
            40.404530868900125
          ],
          "channels": {
            "36": 0.5112318396568298,
            "40": 0.5444444417953491,
            "44": 0.061009641736745834,
            "48": 0.0,
            "52": 1.0,
            "56": 1.0,
            "60": 1.0,
            "64": 0.0,
            "68": 0.0,
            "72": 0.0,
            "76": 1.6699352264404297
          }
        }
      ]
    }
  ],
  "Vector_GlobalPressure_StrongCurve": [
    {
      "layer": {
        "MainId": 5,
        "LayerName": "Layer 2",
        "VectorNormalType": 0
      },
      "shape": [
        92,
        76,
        88,
        88
      ],
      "flags": "0x2081",
      "point_count": 16,
      "width": 10.0,
      "opacity": 1.0,
      "style_id": 2,
      "style_preview": {
        "style_flag": 115264,
        "pattern_style": 0,
        "texture_pattern": 0,
        "texture_flag": 0,
        "flow_base": 1.0,
        "hardness": 1.0,
        "interval_base": 0.1,
        "auto_interval_type": 0,
        "thickness_base": 1.0,
        "rotation_base": 0.0,
        "spray_flag": 0,
        "texture_composite": 0,
        "texture_density_base": 1.0,
        "texture_scale": 1.0,
        "texture_rotate": 0.0,
        "texture_offset_x": 0.0,
        "texture_offset_y": 0.0,
        "texture_brightness": 0.0,
        "texture_contrast": 0.0
      },
      "xy_bbox": [
        39.14537145798299,
        33.7827837308695,
        144.97144186862158,
        148.70180354057746
      ],
      "channels": {
        "36": {
          "min": 0.0,
          "max": 0.32058942317962646,
          "avg": 0.23581656231544912,
          "uniq": 16
        },
        "40": {
          "min": 0.5,
          "max": 0.7333333492279053,
          "avg": 0.5876736156642437,
          "uniq": 13
        },
        "44": {
          "min": 0.01113464031368494,
          "max": 0.927699089050293,
          "avg": 0.5391364156384952,
          "uniq": 16
        },
        "48": {
          "min": 0.0,
          "max": 0.0,
          "avg": 0.0,
          "uniq": 1
        },
        "52": {
          "min": 1.0,
          "max": 1.0,
          "avg": 1.0,
          "uniq": 1
        },
        "56": {
          "min": 1.0,
          "max": 1.0,
          "avg": 1.0,
          "uniq": 1
        },
        "60": {
          "min": 1.0,
          "max": 1.0,
          "avg": 1.0,
          "uniq": 1
        },
        "64": {
          "min": 0.0,
          "max": 0.0,
          "avg": 0.0,
          "uniq": 1
        },
        "68": {
          "min": 0.0,
          "max": 0.0,
          "avg": 0.0,
          "uniq": 1
        },
        "72": {
          "min": 0.0,
          "max": 0.0,
          "avg": 0.0,
          "uniq": 1
        },
        "76": {
          "min": 0.0,
          "max": 1.9858758449554443,
          "avg": 1.0064019924029708,
          "uniq": 16
        }
      },
      "first_points": [
        {
          "xy": [
            39.14537145798299,
            33.7827837308695
          ],
          "channels": {
            "36": 0.021813813596963882,
            "40": 0.5333333611488342,
            "44": 0.01113464031368494,
            "48": 0.0,
            "52": 1.0,
            "56": 1.0,
            "60": 1.0,
            "64": 0.0,
            "68": 0.0,
            "72": 0.0,
            "76": 0.0
          }
        },
        {
          "xy": [
            42.26727273885709,
            36.32708876755624
          ],
          "channels": {
            "36": 0.15351241827011108,
            "40": 0.5111111402511597,
            "44": 0.20314033329486847,
            "48": 0.0,
            "52": 1.0,
            "56": 1.0,
            "60": 1.0,
            "64": 0.0,
            "68": 0.0,
            "72": 0.0,
            "76": 1.9718571901321411
          }
        },
        {
          "xy": [
            45.56452310048507,
            39.94412781971096
          ],
          "channels": {
            "36": 0.2030089795589447,