{
  "random": {
    "label": "random_best",
    "clip": "Vector_OpacityRandom_50.clip",
    "metric": {
      "mean": 0.12268125,
      "visible": 891,
      "max": 31
    },
    "dabs": 91,
    "alpha_sum": {
      "out": 808368.3014354067,
      "ref": 808962.4880382775,
      "delta": -594.1866028708134
    },
    "active_px": 1195,
    "signed_px": {
      "under_out_lt_ref": 689,
      "over_out_gt_ref": 506
    },
    "signed_sum": {
      "under": -4288.636363636364,
      "over": 3694.4497607655503
    },
    "nearest_edge_minmax": [
      -0.07522944147004296,
      3.831767618719725
    ],
    "buckets": {
      "inside_deep": {
        "px": 267,
        "sum": -50.02392344497565,
        "abs": 586.8660287081339,
        "mean": -0.18735551852050805,
        "mean_abs": 2.1980001075211004
      },
      "inside_edge": {
        "px": 913,
        "sum": -433.1339712918664,
        "abs": 7285.191387559809,
        "mean": -0.47440741652997415,
        "mean_abs": 7.979399110142179
      },
      "just_outside": {
        "px": 15,
        "sum": -111.02870813397128,
        "abs": 111.02870813397128,
        "mean": -7.401913875598085,
        "mean_abs": 7.401913875598085
      },
      "outside_far": null,
      "first_10pct_dabs": {
        "px": 162,
        "sum": -740.598086124402,
        "abs": 789.4019138755982,
        "mean": -4.571593124224703,
        "mean_abs": 4.872851320219742
      },
      "last_10pct_dabs": {
        "px": 178,
        "sum": 275.74162679425825,
        "abs": 1256.6985645933014,
        "mean": 1.5491102628890914,
        "mean_abs": 7.060104295467985
      },
      "middle_dabs": {
        "px": 855,
        "sum": -129.33014354066944,
        "abs": 5936.985645933014,
        "mean": -0.15126332577856075,
        "mean_abs": 6.943842860740367
      }
    },
    "top_abs_dab_bins": [
      {
        "dab": 90,
        "px": 69,
        "sum": 381.88995215310996,
        "abs": 389.2105263157894,
        "center": [
          154.89714682497024,
          25.613487048878234
        ],
        "radius": 10.0,
        "cap": 0.9058074951171875,
        "flow": 1.0,
        "aa": 2.5
      },
      {
        "dab": 4,
        "px": 74,
        "sum": -380.66985645933016,
        "abs": 380.66985645933016,
        "center": [
          18.683789591013376,
          127.1217015405393
        ],
        "radius": 10.0,
        "cap": 0.7186431884765625,
        "flow": 1.0,
        "aa": 2.5
      },
      {
        "dab": 56,
        "px": 27,
        "sum": -84.1866028708134,
        "abs": 223.27751196172252,
        "center": [
          95.96516504259438,
          59.39549343917318
        ],
        "radius": 10.0,
        "cap": 0.5541839599609375,
        "flow": 1.0,
        "aa": 2.5
      },
      {
        "dab": 57,
        "px": 15,
        "sum": -25.622009569377855,
        "abs": 201.31578947368413,
        "center": [
          97.695984479396,
          58.39336366853979
        ],
        "radius": 10.0,
        "cap": 0.6529388427734375,
        "flow": 1.0,
        "aa": 2.5
      },
      {
        "dab": 55,
        "px": 22,
        "sum": 17.081339712918712,
        "abs": 192.77511961722487,
        "center": [
          94.23434560579275,
          60.39762320980657
        ],
        "radius": 10.0,
        "cap": 0.762359619140625,
        "flow": 1.0,
        "aa": 2.5
      },
      {
        "dab": 16,
        "px": 20,
        "sum": -12.200956937798992,
        "abs": 185.45454545454544,
        "center": [
          32.904683874422275,
          108.26199639521701
        ],
        "radius": 10.0,
        "cap": 0.87103271484375,
        "flow": 1.0,
        "aa": 2.5
      },
      {
        "dab": 84,
        "px": 15,
        "sum": -24.401913875598098,
        "abs": 170.8133971291866,
        "center": [
          144.99203496708753,
          32.36352940047745
        ],
        "radius": 10.0,
        "cap": 0.5164642333984375,
        "flow": 1.0,
        "aa": 2.5
      },
      {
        "dab": 54,
        "px": 14,
        "sum": 3.660287081339746,
        "abs": 169.59330143540672,
        "center": [
          92.50352616899113,
          61.399752980439956
        ],
        "radius": 10.0,
        "cap": 0.7507171630859375,
        "flow": 1.0,
        "aa": 2.5
      },
      {
        "dab": 86,
        "px": 11,
        "sum": 1.2200956937799035,
        "abs": 147.63157894736844,
        "center": [
          148.3938632595968,
          30.25935158758152
        ],
        "radius": 10.0,
        "cap": 0.8872833251953125,
        "flow": 1.0,
        "aa": 2.5
      },
      {
        "dab": 58,
        "px": 12,
        "sum": 13.421052631578966,
        "abs": 147.63157894736838,
        "center": [
          99.42680391619763,
          57.3912338979064
        ],
        "radius": 10.0,
        "cap": 0.9390411376953125,
        "flow": 1.0,
        "aa": 2.5
      }
    ]
  },
  "pressure": {
    "label": "pressure_broad_native",
    "clip": "Vector_OpacityPressure.clip",
    "metric": {
      "mean": 0.10816526412963867,
      "visible": 17472,
      "max": 218
    },
    "dabs": 225,
    "alpha_sum": {
      "out": 4726267.03539823,
      "ref": 4833380.575221239,
      "delta": -107113.53982300885
    },
    "active_px": 26253,
    "signed_px": {
      "under_out_lt_ref": 14401,
      "over_out_gt_ref": 11852
    },
    "signed_sum": {
      "under": -138872.32300884958,
      "over": 31758.783185840708
    },
    "nearest_edge_minmax": [
      -0.6184061731643808,
      19.965589796439435
    ],
    "buckets": {
      "inside_deep": {
        "px": 24771,
        "sum": -104121.23893805311,
        "abs": 154270.4867256637,
        "mean": -4.203352264262771,
        "mean_abs": 6.227866728257386
      },
      "inside_edge": {
        "px": 1159,
        "sum": -1704.8893805309735,
        "abs": 11401.659292035398,
        "mean": -1.4710003283269832,
        "mean_abs": 9.837497232127177
      },
      "just_outside": {
        "px": 130,
        "sum": -187.30088495575228,
        "abs": 853.0088495575221,
        "mean": -1.4407760381211714,
        "mean_abs": 6.561606535057862
      },
      "outside_far": {
        "px": 193,
        "sum": -1100.1106194690262,
        "abs": 4105.951327433629,
        "mean": -5.700055023155576,
        "mean_abs": 21.274359209500666
      },
      "first_10pct_dabs": {
        "px": 1304,
        "sum": 2966.3495575221236,
        "abs": 5162.057522123895,
        "mean": 2.2748079428850643,
        "mean_abs": 3.9586330691134166
      },
      "last_10pct_dabs": {
        "px": 3394,
        "sum": 10410.995575221234,
        "abs": 17020.68584070796,
        "mean": 3.0674707057222257,
        "mean_abs": 5.014933954245127
      },
      "middle_dabs": {
        "px": 21555,
        "sum": -120490.8849557522,
        "abs": 148448.3628318584,
        "mean": -5.589927392983169,
        "mean_abs": 6.8869572179011085
      }
    },
    "top_abs_dab_bins": [
      {
        "dab": 224,
        "px": 666,
        "sum": 4121.747787610619,
        "abs": 8941.924778761062,
        "center": [
          677.6601940081274,
          719.2143113529469
        ],
        "radius": 20.0,
        "cap": 0.14899626350972536,
        "flow": 1.0,
        "aa": 0.0
      },
      {
        "dab": 0,
        "px": 374,
        "sum": 3093.8495575221245,
        "abs": 3093.8495575221245,
        "center": [
          251.6491147784801,
          141.7309129738387
        ],
        "radius": 20.0,
        "cap": 0.05,
        "flow": 1.0,
        "aa": 0.0
      },
      {
        "dab": 143,
        "px": 158,
        "sum": -2369.4690265486734,
        "abs": 2369.4690265486734,
        "center": [
          522.1787786356878,
          511.77119852318276
        ],
        "radius": 20.0,
        "cap": 0.9109546523753727,
        "flow": 1.0,
        "aa": 0.0
      },
      {
        "dab": 43,