{
  "dab_count": 233,
  "visible": 151,
  "doc_gate_rejects": [],
  "bbox_outside_center": [],
  "bbox_no_intersection": [],
  "tail_dabs": [
    [
      218,
      510.94342224994944,
      467.7659735433546,
      18.783484658012377
    ],
    [
      219,
      512.960732989342,
      470.01067304079066,
      18.75987891062565
    ],
    [
      220,
      514.9772294188095,
      472.28855588120854,
      18.27599358954428
    ],
    [
      221,
      516.915218015062,
      474.5220999984767,
      17.0070749357049
    ],
    [
      222,
      518.6612810194947,
      476.58327484506674,
      15.708447424713716
    ],
    [
      223,
      520.2525092916185,
      478.52304414050224,
      14.32967781318885
    ],
    [
      224,
      521.6756430554865,
      480.32339206784667,
      12.857449145907493
    ],
    [
      225,
      522.8852464311881,
      481.87468528796427,
      11.39592719378691
    ],
    [
      226,
      524.0471483594702,
      483.3888675563011,
      9.694965362060328
    ],
    [
      227,
      524.9202295609344,
      484.59068617833043,
      7.616434679885831
    ],
    [
      228,
      525.5781530223118,
      485.60677049053186,
      4.969560720604547
    ],
    [
      229,
      525.9744583258007,
      486.287030844899,
      2.59017501932228
    ],
    [
      230,
      526.1886815227682,
      486.6531565011008,
      0.7854181185345822
    ],
    [
      231,
      526.2439291296785,
      486.7466061665239,
      0.18273986885853524
    ],
    [
      232,
      526.255613787342,
      486.7662799388804,
      0.04251730241815633
    ]
  ]
}