{
  "visible_px": 151,
  "captured_dabs": 233,
  "extra_with_dab": 151,
  "cover_hist": [
    [
      1,
      151
    ]
  ],
  "last_top": [
    [
      221,
      17
    ],
    [
      223,
      13
    ],
    [
      220,
      10
    ],
    [
      222,
      7
    ],
    [
      84,
      3
    ],
    [
      86,
      3
    ],
    [
      104,
      3
    ],
    [
      224,
      3
    ],
    [
      10,
      2
    ],
    [
      17,
      2
    ],
    [
      20,
      2
    ],
    [
      33,
      2
    ],
    [
      102,
      2
    ],
    [
      93,
      2
    ],
    [
      94,
      2
    ],
    [
      95,
      2
    ],
    [
      96,
      2
    ],
    [
      98,
      2
    ],
    [
      99,
      2
    ],
    [
      103,
      2
    ]
  ],
  "edge_margin_minmax": [
    -0.9967132040385991,
    5.3416499772497446
  ],
  "edge_margin_quantiles": [
    -0.9967132040385991,
    -0.9754462571122815,
    -0.9336686833383965,
    0.022848924122911285,
    0.18130143178620983,
    0.5688543692397161,
    5.3416499772497446
  ],
  "negative_margin_count": 69,
  "near_int_boundary_count": 34,
  "side": {
    "right": 76,
    "left": 75
  },
  "sample_rows": [
    {
      "x": 170,
      "y": 141,
      "last": 9,
      "cover_count": 1,
      "cx": 170.77993347651724,
      "cy": 142.49802021736696,
      "r": 1.0446934645384387,
      "edge_margin": -0.7799334765172432,
      "left_frac": 0.7799334765172432,
      "right_frac": 0.7799334765172432,
      "span_raw": 0.30877189084522944,
      "span": 0.0,
      "dy": 0.9980202173669568
    },
    {
      "x": 171,
      "y": 141,
      "last": 10,
      "cover_count": 1,
      "cx": 170.88386808965316,
      "cy": 142.61301840853528,
      "r": 1.2936889604971558,
      "edge_margin": 0.1432777868625692,
      "left_frac": 0.6244583924437563,
      "right_frac": 0.1432777868625692,
      "span_raw": 0.6594096972094047,
      "span": 0.25940969720940465,
      "dy": 1.1130184085352823
    },
    {
      "x": 172,
      "y": 141,
      "last": 13,
      "cover_count": 1,
      "cx": 171.3777064314774,
      "cy": 143.13046252361437,
      "r": 1.932002448925887,
      "edge_margin": 0.014154897029214908,
      "left_frac": 0.7412579659255982,
      "right_frac": 0.014154897029214908,
      "span_raw": 1.0364484655518027,
      "span": 0.6364484655518027,
      "dy": 1.6304625236143693
    },
    {
      "x": 173,
      "y": 141,
      "last": 17,
      "cover_count": 1,
      "cx": 172.35663031051035,
      "cy": 144.12416388252436,
      "r": 2.8252408341914674,
      "edge_margin": 0.003410941224160524,
      "left_frac": 0.7098496797965481,
      "right_frac": 0.003410941224160524,
      "span_raw": 1.0467806307138052,
      "span": 0.6467806307138052,
      "dy": 2.624163882524357
    },
    {
      "x": 174,
      "y": 141,
      "last": 20,
      "cover_count": 1,
      "cx": 173.44474945645914,
      "cy": 145.21537633687532,
      "r": 3.9024779892408317,
      "edge_margin": 0.23861424440460155,
      "left_frac": 0.6508846685136689,
      "right_frac": 0.23861424440460155,
      "span_raw": 1.193864787945465,
      "span": 0.7938647879454649,
      "dy": 3.715376336875323
    },
    {
      "x": 169,
      "y": 142,
      "last": 10,
      "cover_count": 1,
      "cx": 170.88386808965316,
      "cy": 142.61301840853528,
      "r": 1.2936889604971558,
      "edge_margin": -0.9951253046706938,
      "left_frac": 0.9951253046706938,
      "right_frac": 0.7726108746356317,
      "span_raw": 1.2887427849824664,
      "span": 0.8887427849824664,
      "dy": 0.11301840853528233
    },
    {
      "x": 176,
      "y": 142,
      "last": 21,
      "cover_count": 1,
      "cx": 173.86993824825018,
      "cy": 145.64007198841819,
      "r": 4.262168333493709,
      "edge_margin": 0.35195608486881724,
      "left_frac": 0.3879204116315407,
      "right_frac": 0.35195608486881724,
      "span_raw": 2.8820178366186435,
      "span": 2.4820178366186436,
      "dy": 3.1400719884181854
    },
    {
      "x": 177,
      "y": 142,
      "last": 23,
      "cover_count": 1,
      "cx": 174.9114585966344,
      "cy": 146.6786704076681,
      "r": 5.052302531719441,
      "edge_margin": 0.35126043762568315,
      "left_frac": 0.47165675564309595,
      "right_frac": 0.35126043762568315,
      "span_raw": 2.839801840991291,
      "span": 2.439801840991291,
      "dy": 4.178670407668108
    },
    {
      "x": 178,
      "y": 142,
      "last": 25,
      "cover_count": 1,
      "cx": 176.08258955843286,
      "cy": 147.87181370156856,
      "r": 5.862909495425617,
      "edge_margin": 0.031488301927822704,
      "left_frac": 0.1336908149378928,
      "right_frac": 0.031488301927822704,
      "span_raw": 2.3488987434949586,
      "span": 1.9488987434949587,
      "dy": 5.371813701568556
    },
    {
      "x": 169,
      "y": 143,
      "last": 12,
      "cover_count": 1,
      "cx": 171.18488224264755,
      "cy": 142.9313301493295,
      "r": 1.7339161662942348,
      "edge_margin": -0.9468712925391856,
      "left_frac": 0.9468712925391856,
      "right_frac": 0.4228931927559074,
      "span_raw": 1.6380109501083626,
      "span": 1.2380109501083627,
      "dy": 0.5686698506704886
    },
    {
      "x": 169,
      "y": 144,
      "last": 17,
      "cover_count": 1,
      "cx": 172.35663031051035,
      "cy": 144.12416388252436,
      "r": 2.8252408341914674,
      "edge_margin": -0.9564994235724384,
      "left_frac": 0.9564994235724384,
      "right_frac": 0.7567611974482702,
      "span_raw": 2.8001308869379185,
      "span": 2.4001308869379185,
      "dy": 0.37583611747564305
    },
    {
      "x": 169,
      "y": 145,
      "last": 19,
      "cover_count": 1,
      "cx": 173.05553254892297,
      "cy": 144.8258962925037,
      "r": 3.547503993094187,
      "edge_margin": -0.9726646541329558,
      "left_frac": 0.9726646541329558,
      "right_frac": 0.13840044371298177,
      "span_raw": 3.4828678947900027,
      "span": 3.082867894790003,
      "dy": 0.6741037074963003
    },
    {
      "x": 170,
      "y": 147,
      "last": 20,
      "cover_count": 1,
      "cx": 173.44474945645914,
      "cy": 145.21537633687532,
      "r": 3.9024779892408317,
      "edge_margin": -0.6809180490671451,
      "left_frac": 0.6809180490671451,
      "right_frac": 0.2085808638511253,
      "span_raw": 3.1638314073919847,
      "span": 2.7638314073919847,
      "dy": 2.284623663124677
    },
    {
      "x": 170,
      "y": 148,
      "last": 22,
      "cover_count": 1,
      "cx": 174.36950999744144,
      "cy": 146.13823098548247,
      "r": 4.654796147468184,
      "edge_margin": -0.7583786985995005,
      "left_frac": 0.7583786985995005,
      "right_frac": 0.9806412962833804,
      "span_raw": 4.011131298841951,
      "span": 3.611131298841951,
      "dy": 2.3617690145175345
    },
    {
      "x": 187,
      "y": 148,
      "last": 33,
      "cover_count": 1,
      "cx": 182.2051704574315,
      "cy": 154.5449326156861,
      "r": 8.010449605605714,
      "edge_margin": 0.0612234019672826,
      "left_frac": 0.3491175128957309,
      "right_frac": 0.0612234019672826,
      "span_raw": 5.25605294453578,
      "span": 4.856052944535779,
      "dy": 6.044932615686093
    },
    {
      "x": 170,
      "y": 149,
      "last": 24,
      "cover_count": 1,
      "cx": 175.46548116678738,
      "cy": 147.23847652564288,
      "r": 5.442648087570921,
      "edge_margin": -0.9149327345355402,
      "left_frac": 0.9149327345355402,
      "right_frac": 0.016029599039228515,
      "span_raw": 4.9505484322518365,
      "span": 4.550548432251836,
      "dy": 2.2615234743571193
    },
    {
      "x": 188,
      "y": 149,
      "last": 33,
      "cover_count": 1,
      "cx": 182.2051704574315,
      "cy": 154.5449326156861,
      "r": 8.010449605605714,
      "edge_margin": 0.027385319290203824,
      "left_frac": 0.38295559557280967,
      "right_frac": 0.027385319290203824,
      "span_raw": 6.222214861858712,