{
  "clip": "Vector_SizePressure.clip",
  "trace_count": 233,
  "metric": {
    "max": 226,
    "mean": 0.024409,
    "visible_px": 151,
    "extra_px": 0,
    "missing_px": 0,
    "dark_extra_px": 151,
    "light_missing_px": 0
  },
  "segment_summary": {
    "0": {
      "count": 16,
      "radius_min": 0.015306221,
      "radius_max": 2.294379705,
      "step_min": 0.016,
      "step_max": 0.367100753,
      "first": 0,
      "last": 15,
      "residual_in": 0.0
    },
    "1": {
      "count": 13,
      "radius_min": 2.521080303,
      "radius_max": 7.185512177,
      "step_min": 0.403372849,
      "step_max": 1.149681948,
      "first": 16,
      "last": 28,
      "residual_in": 0.106831128
    },
    "2": {
      "count": 11,
      "radius_min": 7.430558219,
      "radius_max": 8.946338212,
      "step_min": 1.188889315,
      "step_max": 1.431414114,
      "first": 29,
      "last": 39,
      "residual_in": 0.811400777
    },
    "3": {
      "count": 7,
      "radius_min": 9.053976662,
      "radius_max": 9.786272899,
      "step_min": 1.448636266,
      "step_max": 1.565803664,
      "first": 40,
      "last": 46,
      "residual_in": 1.391917446
    },
    "4": {
      "count": 6,
      "radius_min": 9.928865583,
      "radius_max": 10.002871532,
      "step_min": 1.588618493,
      "step_max": 1.600459445,
      "first": 47,
      "last": 52,
      "residual_in": 0.122236002
    },
    "5": {
      "count": 13,
      "radius_min": 10.015815538,
      "radius_max": 10.179227668,
      "step_min": 1.602530486,
      "step_max": 1.628676427,
      "first": 53,
      "last": 65,
      "residual_in": 0.286646077
    },
    "6": {
      "count": 14,
      "radius_min": 10.212079867,
      "radius_max": 10.652405107,
      "step_min": 1.633932779,
      "step_max": 1.704384817,
      "first": 66,
      "last": 79,
      "residual_in": 1.607224735
    },
    "7": {
      "count": 6,
      "radius_min": 10.731794419,
      "radius_max": 12.366802159,
      "step_min": 1.717087107,
      "step_max": 1.978688345,
      "first": 80,
      "last": 85,
      "residual_in": 0.357609157
    },
    "8": {
      "count": 6,
      "radius_min": 12.862464711,
      "radius_max": 14.556922911,
      "step_min": 2.057994354,
      "step_max": 2.329107666,
      "first": 86,
      "last": 91,
      "residual_in": 1.538187907
    },
    "9": {
      "count": 13,
      "radius_min": 14.784178477,
      "radius_max": 17.096542043,
      "step_min": 2.365468556,
      "step_max": 2.735446727,
      "first": 92,
      "last": 104,
      "residual_in": 1.769227606
    },
    "10": {
      "count": 5,
      "radius_min": 17.152887078,
      "radius_max": 17.188156069,
      "step_min": 2.744461932,
      "step_max": 2.750104971,
      "first": 105,
      "last": 109,
      "residual_in": 1.7145953
    },
    "11": {
      "count": 5,
      "radius_min": 17.072901635,
      "radius_max": 17.139498247,
      "step_min": 2.731664262,
      "step_max": 2.742319719,
      "first": 110,
      "last": 114,
      "residual_in": 0.602283326
    },
    "12": {
      "count": 10,
      "radius_min": 17.008430989,
      "radius_max": 17.060354017,
      "step_min": 2.721348958,
      "step_max": 2.729656643,
      "first": 115,
      "last": 124,
      "residual_in": 0.413495845
    },
    "13": {
      "count": 15,
      "radius_min": 17.009824968,
      "radius_max": 17.069413528,
      "step_min": 2.721571995,
      "step_max": 2.731106165,
      "first": 125,
      "last": 139,
      "residual_in": 1.687273636
    },
    "14": {
      "count": 7,
      "radius_min": 17.078386536,
      "radius_max": 17.15758785,
      "step_min": 2.732541846,
      "step_max": 2.745214056,
      "first": 140,
      "last": 146,
      "residual_in": 2.40453932
    },
    "15": {
      "count": 8,
      "radius_min": 17.178744671,
      "radius_max": 17.415196378,
      "step_min": 2.748599147,
      "step_max": 2.78643142,
      "first": 147,
      "last": 154,
      "residual_in": 0.850264842
    },
    "16": {
      "count": 8,
      "radius_min": 17.444790646,
      "radius_max": 17.468595447,
      "step_min": 2.791166503,
      "step_max": 2.794975271,
      "first": 155,
      "last": 162,
      "residual_in": 0.375345486
    },
    "17": {
      "count": 7,
      "radius_min": 17.485460849,
      "radius_max": 17.786858312,
      "step_min": 2.797673736,
      "step_max": 2.84589733,
      "first": 163,
      "last": 169,
      "residual_in": 0.860324404
    },
    "18": {
      "count": 5,
      "radius_min": 17.859680624,
      "radius_max": 18.206460022,
      "step_min": 2.8575489,
      "step_max": 2.913033604,
      "first": 170,
      "last": 174,
      "residual_in": 2.132494711
    },
    "19": {
      "count": 4,
      "radius_min": 18.313606017,
      "radius_max": 18.663320558,
      "step_min": 2.930176963,
      "step_max": 2.986131289,
      "first": 175,
      "last": 178,
      "residual_in": 1.742677333
    },
    "20": {
      "count": 6,
      "radius_min": 18.73460447,
      "radius_max": 18.837330686,
      "step_min": 2.997536715,
      "step_max": 3.01397291,
      "first": 179,
      "last": 184,
      "residual_in": 1.255773243
    },
    "21": {
      "count": 7,
      "radius_min": 18.852592096,
      "radius_max": 18.91973211,
      "step_min": 3.016414735,
      "step_max": 3.027157138,
      "first": 185,
      "last": 191,
      "residual_in": 1.416221056
    },
    "22": {
      "count": 7,
      "radius_min": 18.930708724,
      "radius_max": 18.960219827,
      "step_min": 3.028913396,
      "step_max": 3.033635172,
      "first": 192,
      "last": 198,
      "residual_in": 0.316079645
    },
    "23": {
      "count": 7,
      "radius_min": 18.941545308,
      "radius_max": 18.963041104,
      "step_min": 3.030647249,
      "step_max": 3.034086577,
      "first": 199,
      "last": 205,
      "residual_in": 0.73973718
    },
    "24": {
      "count": 4,
      "radius_min": 18.940812672,
      "radius_max": 18.960086158,
      "step_min": 3.030530028,
      "step_max": 3.033613785,
      "first": 206,
      "last": 209,
      "residual_in": 1.093752718
    },
    "25": {
      "count": 10,
      "radius_min": 18.759878911,
      "radius_max": 18.960506091,
      "step_min": 3.001580626,
      "step_max": 3.033680975,
      "first": 210,
      "last": 219,
      "residual_in": 0.354370252
    },
    "26": {
      "count": 7,
      "radius_min": 9.694965362,
      "radius_max": 18.27599359,
      "step_min": 1.551194458,
      "step_max": 2.924158974,
      "first": 220,
      "last": 226,
      "residual_in": 1.079194244
    },
    "27": {
      "count": 6,
      "radius_min": 0.042517302,
      "radius_max": 7.61643468,
      "step_min": 0.016,
      "step_max": 1.218629549,
      "first": 227,
      "last": 232,
      "residual_in": 0.658450101
    }
  },
  "tail_window_samples": [
    {
      "sample_index": 206,
      "segment": 24,
      "emitted_in_segment": 0,
      "walk": 1.093752718,
      "distance": 12.867836499,
      "t": 0.08320191,
      "x": 485.693883824,
      "y": 441.818974191,
      "primary": 0.937306962,
      "secondary": 0.799537778,
      "taper": 0.947040634,
      "effective_size": 18.940812672,
      "next_step": 3.030530028,
      "residual_in": 1.093752718
    },
    {
      "sample_index": 207,
      "segment": 24,
      "emitted_in_segment": 1,
      "walk": 4.124282745,
      "distance": 12.867836499,
      "t": 0.339238275,
      "x": 487.947206091,
      "y": 443.85049109,
      "primary": 0.937468987,
      "secondary": 0.79811535,
      "taper": 0.94736047,
      "effective_size": 18.947209391,
      "next_step": 3.031553503,
      "residual_in": 1.093752718
    },
    {
      "sample_index": 208,
      "segment": 24,
      "emitted_in_segment": 2,
      "walk": 7.155836248,
      "distance": 12.867836499,
      "t": 0.638602675,
      "x": 489.983644829,
      "y": 445.637227655,
      "primary": 0.937658432,